City_ID,City,Country,Date,Lat,Lng,Max Temp,Humidity,Cloudiness,Wind Speed
0,Mount Gambier,AU,2019-11-09 02:16:35,-37.83,140.78,53.6,66,90,19.46
1,Uttarkashi,IN,2019-11-09 02:16:35,30.73,78.44,58.39,38,0,4.83
2,Iqaluit,CA,2019-11-09 02:16:36,63.75,-68.52,5.0,77,40,8.05
3,Hithadhoo,MV,2019-11-09 02:16:36,-0.6,73.08,81.82,76,46,10.38
4,Bluff,AU,2019-11-09 02:12:21,-23.58,149.07,87.78,16,0,18.14
5,Punta Arenas,CL,2019-11-09 02:15:51,-53.16,-70.91,39.2,64,77,11.41
6,Rikitea,PF,2019-11-09 02:13:37,-23.12,-134.97,73.47,76,100,10.74
7,Sibi,PK,2019-11-09 02:16:36,29.55,67.88,67.12,32,0,1.68
8,Aksarka,RU,2019-11-09 02:16:37,66.56,67.8,2.97,84,81,5.5
9,Katsuura,JP,2019-11-09 02:16:37,33.93,134.5,62.6,59,20,10.29
10,Port Alfred,ZA,2019-11-09 02:16:37,-33.59,26.89,57.0,83,73,1.99
11,Busselton,AU,2019-11-09 02:16:37,-33.64,115.35,88.0,21,17,4.03
12,Touros,BR,2019-11-09 02:12:25,-5.2,-35.46,78.8,78,75,6.93
13,Bambanglipuro,ID,2019-11-09 02:16:38,-7.95,110.28,86.43,52,5,9.06
14,Severo-Kurilsk,RU,2019-11-09 02:16:38,50.68,156.12,28.85,77,97,21.07
15,Barrow,AR,2019-11-09 02:15:40,-38.31,-60.23,51.42,75,100,5.7
16,Mataura,NZ,2019-11-09 02:16:38,-46.19,168.86,69.01,58,100,11.99
17,Clyde River,CA,2019-11-09 02:16:39,70.47,-68.59,17.6,100,90,8.05
18,San Ignacio,PE,2019-11-09 02:16:39,-5.15,-79.0,60.71,94,44,1.86
19,Dabra,IN,2019-11-09 02:16:39,25.88,78.33,73.81,48,0,6.04
20,Taunggyi,MM,2019-11-09 02:16:39,20.78,97.03,65.8,97,100,2.42
21,Cabedelo,BR,2019-11-09 02:16:39,-6.97,-34.84,78.8,78,40,9.17
22,Puerto Madryn,AR,2019-11-09 02:16:40,-42.77,-65.04,51.69,51,59,16.53
23,Ust-Kulom,RU,2019-11-09 02:16:40,61.69,53.69,10.63,87,100,3.4
24,Qaanaaq,GL,2019-11-09 02:13:41,77.48,-69.36,-5.21,57,0,5.77
25,Ahtopol,BG,2019-11-09 02:16:40,42.1,27.94,64.0,77,0,5.82
26,Vilhena,BR,2019-11-09 02:16:41,-12.74,-60.15,70.72,82,24,1.92
27,Vostok,RU,2019-11-09 02:16:41,46.45,135.83,18.1,61,78,8.77
28,Balkhash,KZ,2019-11-09 02:16:41,46.84,74.98,28.4,100,39,4.47
29,East London,ZA,2019-11-09 02:16:41,-33.02,27.91,62.01,68,63,2.8
30,Carnarvon,ZA,2019-11-09 02:16:42,-30.97,22.13,54.64,55,43,14.27
31,Cabo San Lucas,MX,2019-11-09 02:16:42,22.89,-109.91,84.99,47,5,6.93
32,Bambous Virieux,MU,2019-11-09 02:16:42,-20.34,57.76,69.01,88,40,4.7
33,Ushuaia,AR,2019-11-09 02:16:14,-54.81,-68.31,35.6,98,75,23.04
34,Trinidad,BO,2019-11-09 02:16:42,-14.83,-64.9,74.7,88,100,2.13
35,Livingston,US,2019-11-09 02:16:42,32.58,-88.19,42.01,80,1,6.67
36,Kokopo,PG,2019-11-09 02:16:43,-4.34,152.27,83.48,74,79,9.86
37,Barinas,VE,2019-11-09 02:16:43,8.64,-70.23,75.06,89,0,3.94
38,Vao,EE,2019-11-09 02:16:43,59.1,26.19,36.91,97,100,7.96
39,Sal Rei,CV,2019-11-09 02:16:43,16.18,-22.92,75.2,69,75,12.75
40,Torbay,CA,2019-11-09 02:16:43,47.66,-52.73,52.0,93,90,17.22
41,Grand Gaube,MU,2019-11-09 02:16:44,-20.01,57.66,69.01,88,40,4.7
42,Vanderhoof,CA,2019-11-09 02:16:44,54.02,-124.02,37.09,96,100,1.3
43,Arraial Do Cabo,BR,2019-11-09 02:14:58,-22.97,-42.02,72.05,95,100,5.82
44,Ulundi,ZA,2019-11-09 02:16:44,-28.29,31.43,58.55,78,84,2.44
45,Beringovskiy,RU,2019-11-09 02:16:44,63.05,179.32,24.53,87,99,10.0
46,Coihaique,CL,2019-11-09 02:16:44,-45.58,-72.07,51.8,98,100,2.24
47,Bredasdorp,ZA,2019-11-09 02:16:45,-34.53,20.04,62.01,67,100,17.22
48,Ajra,IN,2019-11-09 02:16:45,16.12,74.21,64.4,100,75,1.68
49,Manakara,MG,2019-11-09 02:16:46,-22.14,48.01,71.47,89,7,4.38
50,Castro,CL,2019-11-09 02:16:46,-42.48,-73.76,46.4,87,63,6.93
51,Sorata,BO,2019-11-09 02:16:46,-15.77,-68.65,35.1,96,100,3.91
52,Kapaa,US,2019-11-09 02:16:46,22.08,-159.32,82.4,61,20,5.82
53,Luderitz,NA,2019-11-09 02:16:46,-26.65,15.16,55.4,100,59,5.82
54,Hobart,AU,2019-11-09 02:16:47,-42.88,147.33,55.99,47,75,12.75
55,Coquimbo,CL,2019-11-09 02:16:47,-29.95,-71.34,55.4,87,75,4.7
56,Axim,GH,2019-11-09 02:16:47,4.87,-2.24,74.43,91,4,0.81
57,Tasiilaq,GL,2019-11-09 02:16:47,65.61,-37.64,37.4,59,100,43.62
58,Batagay,RU,2019-11-09 02:16:48,67.65,134.64,-10.13,92,3,1.9
59,Monywa,MM,2019-11-09 02:16:48,22.12,95.13,77.77,84,94,3.89
60,Kodiak,US,2019-11-09 02:13:46,39.95,-94.76,37.99,51,1,9.17
61,Cidreira,BR,2019-11-09 02:16:48,-30.17,-50.22,70.5,87,0,18.92
62,Den Helder,NL,2019-11-09 02:16:48,52.96,4.76,45.0,93,90,12.75
63,Along,IN,2019-11-09 02:16:48,28.17,94.8,71.08,57,100,1.28
64,Chokurdakh,RU,2019-11-09 02:16:49,70.62,147.9,-9.06,99,98,3.29
65,Anchorage,US,2019-11-09 02:16:49,61.22,-149.89,42.8,86,1,5.82
66,Numaligarh,IN,2019-11-09 02:16:49,26.63,93.73,69.39,79,100,1.41
67,Caravelas,BR,2019-11-09 02:16:49,-17.73,-39.27,70.21,95,8,6.78
68,Kualakapuas,ID,2019-11-09 02:16:49,-3.01,114.39,89.6,62,40,5.82
69,Malibu,MX,2019-11-09 02:16:50,16.77,-93.16,75.2,73,40,16.11
70,Cape Town,ZA,2019-11-09 02:16:50,-33.93,18.42,64.99,63,86,5.82
71,Half Moon Bay,US,2019-11-09 02:16:50,37.46,-122.43,62.01,87,90,6.93
72,Leningradskiy,RU,2019-11-09 02:16:50,69.38,178.42,19.26,75,0,13.98
73,Palmer,AU,2019-11-09 02:16:50,-34.85,139.16,64.99,44,75,16.11
74,Thio,NC,2019-11-09 02:16:51,-21.61,166.22,80.6,51,75,10.29
75,Abonnema,NG,2019-11-09 02:16:51,4.71,6.79,75.2,94,75,3.71
76,Narsaq,GL,2019-11-09 02:12:23,60.91,-46.05,37.4,37,0,3.36
77,Chumikan,RU,2019-11-09 02:16:51,54.72,135.31,15.49,43,0,22.88
78,Hualmay,PE,2019-11-09 02:16:51,-11.1,-77.61,62.85,79,17,2.59
79,Isangel,VU,2019-11-09 02:16:51,-19.55,169.27,82.4,65,20,9.17
80,Solntsevo,RU,2019-11-09 02:16:52,53.34,40.13,39.22,97,66,5.84
81,Ishigaki,JP,2019-11-09 02:16:52,24.34,124.16,75.2,57,40,17.22
82,Paracelis,PH,2019-11-09 02:16:52,17.18,121.4,77.7,86,100,6.51
83,Vila Franca Do Campo,PT,2019-11-09 02:16:52,37.72,-25.43,62.6,88,75,5.82
84,Broken Hill,AU,2019-11-09 02:16:52,-31.97,141.45,57.2,29,0,13.87
85,Sioux Lookout,CA,2019-11-09 02:12:01,50.1,-91.92,19.4,85,90,4.7
86,Tigil,RU,2019-11-09 02:16:53,57.8,158.67,36.3,64,100,8.21
87,Three Hills,CA,2019-11-09 02:16:53,51.7,-113.27,39.99,86,90,2.24
88,Grootegast,NL,2019-11-09 02:16:53,53.21,6.27,39.2,93,0,6.93
89,Lichinga,MZ,2019-11-09 02:16:53,-13.3,35.25,64.4,88,43,12.75
90,Tiksi,RU,2019-11-09 02:16:54,71.64,128.87,-18.58,89,0,4.74
91,Nikolskoye,RU,2019-11-09 02:16:54,59.7,30.79,33.01,97,90,4.47
92,Yellowknife,CA,2019-11-09 02:16:48,62.45,-114.38,12.2,85,90,9.17
93,Gabriel Leyva Solano,MX,2019-11-09 02:16:54,25.66,-108.64,82.99,54,75,13.87
94,Avarua,CK,2019-11-09 02:16:54,-21.21,-159.78,75.2,78,77,8.05
95,Vaini,IN,2019-11-09 02:16:54,15.34,74.49,64.4,100,75,2.15
96,Berthierville,CA,2019-11-09 02:16:55,46.08,-73.17,28.0,62,1,6.93
97,Olovyannaya,RU,2019-11-09 02:16:55,50.94,115.59,35.55,59,27,7.61
98,Dikson,RU,2019-11-09 02:16:55,73.51,80.55,-1.57,97,96,10.33
99,Tuatapere,NZ,2019-11-09 02:16:56,-46.13,167.69,69.01,58,100,11.99
100,Dingle,PH,2019-11-09 02:16:56,11.0,122.67,85.98,67,2,10.27
101,Hilo,US,2019-11-09 02:13:48,19.71,-155.08,82.4,65,75,8.05
102,Joao Camara,BR,2019-11-09 02:16:56,-5.54,-35.82,77.0,78,40,6.93
103,Qasigiannguit,GL,2019-11-09 02:16:57,68.82,-51.19,37.4,34,100,19.46
104,Umm Lajj,SA,2019-11-09 02:16:57,25.02,37.27,74.25,67,0,3.36
105,Vanimo,PG,2019-11-09 02:16:57,-2.67,141.3,83.26,65,100,3.49
106,Southbridge,US,2019-11-09 02:16:57,42.08,-72.03,28.99,53,1,13.87
107,Atuona,PF,2019-11-09 02:16:57,-9.8,-139.03,79.84,78,0,12.8
108,Smithers,CA,2019-11-09 02:14:07,54.78,-127.17,37.4,100,90,2.95
109,Newcastleton,GB,2019-11-09 02:16:58,55.18,-2.81,32.0,90,100,2.24
110,Ejido,VE,2019-11-09 02:16:58,8.55,-71.24,47.44,88,56,3.6
111,Mount Isa,AU,2019-11-09 02:16:58,-20.73,139.49,87.8,11,22,18.34
112,Tuktoyaktuk,CA,2019-11-09 02:16:59,69.44,-133.03,6.8,77,90,2.24
113,Lata,IN,2019-11-09 02:16:59,30.78,78.62,31.32,23,0,3.13
114,Butaritari,KI,2019-11-09 02:16:59,3.07,172.79,84.24,66,88,8.77
115,Lorengau,PG,2019-11-09 02:16:59,-2.02,147.27,83.43,75,66,5.59
116,Belmonte,PT,2019-11-09 02:16:59,40.36,-7.35,43.0,95,66,4.41
117,College,US,2019-11-09 02:17:00,64.86,-147.8,19.4,72,1,8.05
118,Frutal,BR,2019-11-09 02:17:00,-20.02,-48.93,75.02,78,100,5.53
119,Hauterive,CA,2019-11-09 02:17:00,49.18,-68.27,28.4,58,40,4.7
120,Dostpur,IN,2019-11-09 02:17:00,26.27,82.47,76.26,57,0,2.28
121,Port Lincoln,AU,2019-11-09 02:13:53,-34.72,135.86,64.33,42,0,11.56
122,Longyearbyen,NO,2019-11-09 02:17:01,78.22,15.63,26.6,68,75,19.46
123,Alofi,NU,2019-11-09 02:17:01,-19.06,-169.92,82.4,69,75,13.87
124,Hobo,CO,2019-11-09 02:17:01,2.58,-75.45,86.0,51,40,4.7
125,Udachnyy,RU,2019-11-09 02:17:02,66.42,112.4,-2.21,84,90,6.71
126,Solenzo,BF,2019-11-09 02:17:02,12.18,-4.08,80.49,42,0,4.14
127,Pacific Grove,US,2019-11-09 02:15:47,36.62,-121.92,60.01,81,75,6.93
128,Quang Ngai,VN,2019-11-09 02:17:02,15.12,108.8,77.2,74,100,22.77
129,Trang,TH,2019-11-09 02:17:03,7.56,99.61,75.2,100,75,2.24
130,Bushehr,IR,2019-11-09 02:17:03,28.97,50.84,73.4,53,0,9.17
131,Mokhsogollokh,RU,2019-11-09 02:17:03,61.4,128.95,-6.8,91,17,3.42
132,Belyy Yar,RU,2019-11-09 02:17:03,53.6,91.39,41.0,60,100,17.9
133,San Patricio,PY,2019-11-09 02:17:03,-26.98,-56.83,73.08,90,0,4.45
134,Puebloviejo,CO,2019-11-09 02:17:04,10.99,-74.28,84.2,70,40,7.23
135,Mar Del Plata,AR,2019-11-09 02:13:45,-46.43,-67.52,48.4,68,0,18.5
136,Ossora,RU,2019-11-09 02:17:04,59.24,163.07,36.72,97,100,22.79
137,Thompson,CA,2019-11-09 02:14:11,55.74,-97.86,10.4,78,90,6.93
138,Deogarh,IN,2019-11-09 02:17:04,21.53,84.72,73.45,75,100,11.03
139,Turukhansk,RU,2019-11-09 02:17:05,65.8,87.96,-22.29,97,100,6.13
140,Puerto Escondido,MX,2019-11-09 02:17:05,15.86,-97.07,80.6,74,20,4.7
141,Igarka,RU,2019-11-09 02:17:05,67.47,86.57,-14.82,95,100,14.92
142,Fort William,GB,2019-11-09 02:17:05,56.82,-5.11,39.99,77,100,1.01
143,Popondetta,PG,2019-11-09 02:17:06,-8.77,148.24,80.13,65,97,5.66
144,Klaksvik,FO,2019-11-09 02:17:06,62.23,-6.59,37.4,86,100,16.11
145,Sinnamary,GF,2019-11-09 02:17:06,5.38,-52.96,81.84,83,33,15.59
146,Formosa,BR,2019-11-09 02:17:06,-15.55,-47.33,70.9,68,100,3.6
147,Sao Filipe,CV,2019-11-09 02:17:07,14.9,-24.5,73.65,80,100,16.33
148,Verkhnyaya Inta,RU,2019-11-09 02:17:07,65.99,60.32,11.35,93,100,16.53
149,Demirci,TR,2019-11-09 02:17:07,39.05,28.66,51.26,64,0,2.73
150,Mitchell,US,2019-11-09 02:17:07,43.71,-98.03,37.4,69,1,3.36
151,Santa Cruz,BR,2019-11-09 02:17:07,-6.22,-36.02,70.86,89,76,5.26
152,Upernavik,GL,2019-11-09 02:17:07,72.79,-56.15,6.58,69,13,11.56
153,Torres,BR,2019-11-09 02:17:08,-29.34,-49.73,70.54,87,11,16.04
154,Naze,NG,2019-11-09 02:17:08,5.43,7.07,75.2,94,75,2.66
155,Victoria,BN,2019-11-09 02:17:08,5.28,115.24,80.6,83,75,5.82
156,Dire Dawa,ET,2019-11-09 02:17:08,9.59,41.86,57.92,88,0,4.59
157,Khandyga,RU,2019-11-09 02:17:08,62.65,135.58,-13.26,91,25,1.16
158,Angoche,MZ,2019-11-09 02:17:08,-16.23,39.91,75.29,88,1,2.64
159,Georgetown,GY,2019-11-09 02:14:57,6.8,-58.16,80.6,88,75,2.24
160,Saint-Philippe,CA,2019-11-09 02:17:09,45.36,-73.48,28.0,79,1,4.7
161,Whitehorse,CA,2019-11-09 02:17:09,60.72,-135.06,21.2,73,90,13.87
162,Sola,TZ,2019-11-09 02:17:09,-3.17,33.8,67.73,59,8,6.33
163,Khatanga,RU,2019-11-09 02:17:09,71.98,102.47,-13.94,96,100,17.22
164,Albany,US,2019-11-09 02:17:09,42.65,-73.75,27.0,53,1,6.93
165,Geraldton,CA,2019-11-09 02:17:10,49.72,-86.95,8.6,78,90,2.24
166,Aklavik,CA,2019-11-09 02:17:10,68.22,-135.01,6.8,71,90,7.25
167,Havre-Saint-Pierre,CA,2019-11-09 02:15:08,50.23,-63.6,21.2,62,90,5.82
168,Moroto,UG,2019-11-09 02:17:10,2.53,34.66,69.44,76,0,7.16
169,Abu Kamal,SY,2019-11-09 02:17:10,34.45,40.92,61.43,33,0,3.62
170,Hermanus,ZA,2019-11-09 02:17:10,-34.42,19.24,63.0,77,100,15.01
171,Barbastro,ES,2019-11-09 02:17:11,42.04,0.13,44.01,93,0,17.22
172,Laguna,BZ,2019-11-09 02:17:11,16.17,-88.94,75.2,100,75,1.72
173,Meulaboh,ID,2019-11-09 02:17:11,4.14,96.13,79.68,78,60,3.69
174,Tagusao,PH,2019-11-09 02:17:11,9.19,117.81,84.43,65,38,12.82
175,Mareeba,AU,2019-11-09 02:17:12,-16.99,145.42,95.0,58,15,8.05
176,Pinsk,BY,2019-11-09 02:17:12,52.11,26.1,49.01,93,100,11.7
177,Sinnar,IN,2019-11-09 02:17:12,19.85,74.0,71.98,79,0,1.16
178,Sobolevo,RU,2019-11-09 02:17:12,54.43,31.9,40.35,92,100,12.84
179,Burns Lake,CA,2019-11-09 02:15:14,54.23,-125.76,34.41,94,100,2.3
180,Kaeo,NZ,2019-11-09 02:17:12,-35.1,173.78,73.99,90,65,1.01
181,Namatanai,PG,2019-11-09 02:17:13,-3.66,152.44,84.78,72,93,10.0
182,Watsa,CD,2019-11-09 02:17:13,3.04,29.53,64.89,98,100,3.44
183,Labuhan,ID,2019-11-09 02:17:13,-2.54,115.51,95.74,40,0,2.13
184,Nantucket,US,2019-11-09 02:17:13,41.28,-70.1,34.0,46,1,17.22
185,New Norfolk,AU,2019-11-09 02:13:52,-42.78,147.06,55.99,47,75,12.75
186,Lompoc,US,2019-11-09 02:17:14,34.64,-120.46,69.01,93,90,14.18
187,Matola,MZ,2019-11-09 02:17:14,-25.97,32.47,66.99,88,75,12.75
188,La Ronge,CA,2019-11-09 02:17:14,55.1,-105.3,21.2,79,90,3.36
189,Akdepe,TM,2019-11-09 02:17:15,42.05,59.39,37.4,47,0,4.7
190,Port Blair,IN,2019-11-09 02:17:15,11.67,92.75,82.18,76,100,7.27
191,Verkh-Usugli,RU,2019-11-09 02:17:15,52.7,115.17,29.7,63,0,0.69
192,Passo De Camaragibe,BR,2019-11-09 02:17:15,-9.24,-35.49,73.4,88,32,5.82
193,Lebu,ET,2019-11-09 02:17:16,8.96,38.73,55.4,66,40,4.7
194,Gravdal,NO,2019-11-09 02:17:16,59.79,5.78,32.0,86,0,8.05
195,Sibu,MY,2019-11-09 02:17:16,2.29,111.83,77.0,88,75,4.7
196,Sibolga,ID,2019-11-09 02:17:16,1.74,98.78,85.84,62,83,1.32
197,Rurrenabaque,BO,2019-11-09 02:17:16,-14.44,-67.53,71.53,98,73,1.39
198,Ribeira Grande,PT,2019-11-09 02:17:17,38.52,-28.7,60.58,79,55,6.49
199,Burnsville,US,2019-11-09 02:17:17,44.77,-93.28,34.0,74,1,10.29
200,Pierre,US,2019-11-09 02:17:17,44.37,-100.35,46.4,52,1,12.75
201,Launceston,AU,2019-11-09 02:17:17,-41.43,147.14,50.0,66,75,19.46
202,The Pas,CA,2019-11-09 02:17:18,53.82,-101.24,17.6,85,90,4.7
203,Los Llanos De Aridane,ES,2019-11-09 02:17:18,28.66,-17.92,69.8,64,90,17.22
204,Krasnoarmeysk,RU,2019-11-09 02:17:18,56.12,38.15,37.4,100,90,6.71
205,Honiara,SB,2019-11-09 02:17:18,-9.43,159.96,87.8,70,20,8.05
206,Sorong,ID,2019-11-09 02:17:18,-0.86,131.25,93.29,47,36,3.09
207,Roebourne,AU,2019-11-09 02:17:18,-20.77,117.15,105.69,4,100,9.01
208,Bahia De Caraquez,EC,2019-11-09 02:17:19,-0.6,-80.42,73.4,88,90,13.18
209,Ponta Do Sol,BR,2019-11-09 02:12:24,-20.63,-46.0,66.31,92,97,2.73
210,Ende,ID,2019-11-09 02:17:19,-8.84,121.65,82.56,71,0,5.1
211,Saldanha,PT,2019-11-09 02:17:19,41.42,-6.55,39.7,87,100,8.01
212,Namibe,AO,2019-11-09 02:17:19,-15.19,12.15,74.23,84,62,12.3
213,Doha,QA,2019-11-09 02:13:37,25.29,51.53,77.0,73,97,4.88
214,Houma,CN,2019-11-09 02:17:20,35.63,111.36,59.13,48,100,4.74
215,Harper,US,2019-11-09 02:17:20,30.3,-99.24,46.99,93,90,2.57
216,Chicama,PE,2019-11-09 02:17:20,-7.84,-79.15,64.4,82,75,8.05
217,Kuli,IN,2019-11-09 02:17:21,14.46,75.57,73.02,84,5,1.32
218,Antofagasta,CL,2019-11-09 02:17:21,-23.65,-70.4,60.8,77,90,9.17
219,Kavieng,PG,2019-11-09 02:17:21,-2.57,150.8,84.25,77,100,12.64
220,Salalah,OM,2019-11-09 02:17:21,17.01,54.1,77.0,65,20,5.82
221,Catuday,PH,2019-11-09 02:17:21,16.29,119.81,81.41,77,100,7.72
222,Kavaratti,IN,2019-11-09 02:17:21,10.57,72.64,81.59,73,18,6.6
223,Zuwarah,LY,2019-11-09 02:17:22,32.93,12.08,65.59,37,84,4.9
224,Dakar,SN,2019-11-09 02:15:00,14.69,-17.45,75.2,83,99,13.87
225,Yumen,CN,2019-11-09 02:17:22,40.29,97.04,38.52,23,0,27.16
226,Vardo,US,2019-11-09 02:17:22,39.62,-77.74,33.8,50,20,3.36
227,Sanford,US,2019-11-09 02:15:53,43.44,-70.77,28.99,68,1,5.82
228,Bathsheba,BB,2019-11-09 02:17:22,13.22,-59.52,82.4,78,40,20.8
229,Capao Bonito,BR,2019-11-09 02:17:23,-24.01,-48.35,62.92,96,86,5.59
230,Gaoual,GN,2019-11-09 02:17:23,11.75,-13.2,73.45,76,0,3.36
231,Griffith,AU,2019-11-09 02:17:23,-34.29,146.06,61.0,38,40,17.22
232,Arcachon,FR,2019-11-09 02:17:23,44.65,-1.18,46.4,93,92,2.24
233,Airai,TL,2019-11-09 02:17:23,-8.93,125.41,87.62,29,11,7.76
234,Samarai,PG,2019-11-09 02:17:24,-10.62,150.67,84.43,70,100,7.18
235,Mandera,ET,2019-11-09 02:17:24,3.94,41.86,79.0,23,40,3.0
236,San Quintin,PH,2019-11-09 02:17:24,17.54,120.52,81.3,82,12,7.07
237,Saskylakh,RU,2019-11-09 02:13:54,71.97,114.09,-12.75,97,100,11.97
238,Roald,NO,2019-11-09 02:13:51,62.58,6.12,32.0,52,0,16.11
239,Biak,ID,2019-11-09 02:17:25,-0.91,122.88,81.81,71,0,5.68
240,Jahazpur,IN,2019-11-09 02:17:25,25.62,75.28,73.87,48,0,5.3
241,Homer,US,2019-11-09 02:17:25,59.64,-151.54,45.0,93,1,1.12
242,Ilulissat,GL,2019-11-09 02:17:25,69.22,-51.1,37.4,34,100,19.46
243,Carballo,ES,2019-11-09 02:17:25,43.21,-8.69,55.0,76,75,11.41
244,Pangnirtung,CA,2019-11-09 02:17:25,66.15,-65.72,17.29,68,100,11.74
245,El Tocuyo,VE,2019-11-09 02:17:26,9.79,-69.8,69.75,84,0,2.19
246,Codrington,AU,2019-11-09 02:17:26,-28.95,153.24,80.01,38,90,5.82
247,Zelenoborsk,RU,2019-11-09 02:17:26,61.47,64.05,8.47,94,48,3.91
248,Dabakala,CI,2019-11-09 02:17:27,8.36,-4.43,73.72,76,0,1.41
249,Xam Nua,LA,2019-11-09 02:17:27,20.42,104.04,68.13,57,100,3.44
250,Mecca,SA,2019-11-09 02:14:52,21.43,39.83,78.1,55,0,0.92
251,Prudentopolis,BR,2019-11-09 02:17:27,-25.21,-50.98,65.01,99,100,1.83
252,Pevek,RU,2019-11-09 02:17:27,69.7,170.27,10.62,66,0,0.07
253,Velingara,SN,2019-11-09 02:17:27,13.64,-16.01,74.57,42,98,6.24
254,Port Elizabeth,US,2019-11-09 02:17:28,39.31,-74.98,37.0,50,1,4.7
255,Port Moresby,PG,2019-11-09 02:17:28,-9.47,147.16,87.8,66,40,4.7
256,Strenci,LV,2019-11-09 02:17:28,57.63,25.69,44.01,92,100,1.99
257,Laja,CL,2019-11-09 02:17:28,-37.28,-72.71,57.2,71,0,5.82
258,Catabola,AO,2019-11-09 02:17:29,-12.14,17.29,62.15,90,79,3.6
259,Graaff-Reinet,ZA,2019-11-09 02:17:29,-32.25,24.53,54.01,84,99,6.78
260,Bonfim,GY,2019-11-09 02:17:29,3.36,-59.84,81.41,71,6,5.59
261,Abha,SA,2019-11-09 02:17:29,18.22,42.5,59.0,71,0,0.56
262,Buala,SB,2019-11-09 02:17:29,-8.15,159.59,81.32,78,100,1.61
263,San Juan,AR,2019-11-09 02:17:30,-31.54,-68.53,79.5,36,19,25.32
264,Bubaque,GW,2019-11-09 02:17:30,11.28,-15.83,82.76,64,52,13.8
265,Majene,ID,2019-11-09 02:17:31,-3.54,118.97,87.71,55,0,9.1
266,Lagoa,PT,2019-11-09 02:17:31,37.14,-8.45,52.0,81,51,4.7
267,Soyo,AO,2019-11-09 02:17:31,-6.13,12.37,78.06,88,80,5.26
268,Puerto Ayora,EC,2019-11-09 02:17:31,-0.74,-90.35,70.0,90,44,1.01
269,Chiradzulu,MW,2019-11-09 02:17:32,-15.7,35.18,74.52,66,26,3.62
270,Provideniya,RU,2019-11-09 02:17:32,64.42,-173.23,31.06,99,100,2.84
271,Purpe,RU,2019-11-09 02:17:32,64.48,76.69,-12.0,83,18,13.35
272,Banikoara,BJ,2019-11-09 02:17:32,11.3,2.44,76.19,42,0,2.84
273,Chuy,UY,2019-11-09 02:17:32,-33.69,-53.46,61.83,89,0,9.01
274,Key Largo,US,2019-11-09 02:17:32,25.09,-80.45,81.0,88,40,3.98
275,Kampong Thum,KH,2019-11-09 02:13:49,12.71,104.89,77.29,71,100,5.59
276,Nioro,GM,2019-11-09 02:17:33,13.79,-15.05,78.58,21,72,1.52
277,Mayo,CA,2019-11-09 02:17:33,63.59,-135.9,-2.21,84,5,3.36
278,Charters Towers,AU,2019-11-09 02:17:33,-20.07,146.27,94.8,10,0,16.15
279,Flin Flon,CA,2019-11-09 02:15:14,54.77,-101.88,14.74,96,90,3.44
280,Bethel,US,2019-11-09 02:17:34,60.79,-161.76,35.6,91,90,9.17
281,Pinega,RU,2019-11-09 02:17:34,64.7,43.39,13.15,94,100,4.03
282,Saint George,GR,2019-11-09 02:17:34,39.45,22.34,50.0,100,20,3.89
283,Husavik,CA,2019-11-09 02:17:34,50.56,-96.99,25.0,95,95,2.75
284,Christchurch,NZ,2019-11-09 02:15:11,-43.53,172.64,84.0,38,100,12.75
285,Dourbali,TD,2019-11-09 02:17:35,11.81,15.86,78.1,27,14,2.39
286,Bandarbeyla,SO,2019-11-09 02:17:35,9.49,50.81,79.88,74,0,11.43
287,Lunavada,IN,2019-11-09 02:17:35,23.13,73.61,76.21,72,0,10.76
288,Sao Joao Da Barra,BR,2019-11-09 02:17:35,-21.64,-41.05,75.09,91,100,4.97
289,Matara,BI,2019-11-09 02:17:35,-3.48,29.48,58.71,82,31,5.28
290,Hofn,IS,2019-11-09 02:17:35,64.25,-15.21,43.34,70,100,27.67
291,Saint-Pierre,FR,2019-11-09 02:17:36,48.95,4.24,39.2,100,75,6.93
292,Salta,AR,2019-11-09 02:17:36,-24.79,-65.41,78.8,78,40,1.05
293,Nogliki,RU,2019-11-09 02:17:36,51.8,143.14,23.25,72,100,20.04
294,Ahipara,NZ,2019-11-09 02:17:36,-35.17,173.16,72.0,90,5,1.01
295,Tongren,CN,2019-11-09 02:17:36,27.72,109.18,61.41,55,91,3.85
296,Xilagani,GR,2019-11-09 02:17:36,40.98,25.42,57.0,100,0,3.36
297,Arman,RU,2019-11-09 02:17:37,59.7,150.17,33.64,56,100,23.8
298,Fortuna,US,2019-11-09 02:17:37,40.6,-124.16,53.01,100,90,1.01
299,Port Hardy,CA,2019-11-09 02:15:09,50.7,-127.42,48.2,93,90,3.71
300,Baikunthpur,IN,2019-11-09 02:17:37,23.26,82.56,70.29,69,0,4.72
301,Paidha,UG,2019-11-09 02:17:37,2.42,30.99,64.53,92,96,5.91
302,Oranzherei,RU,2019-11-09 02:17:38,45.85,47.57,48.2,81,75,4.47
303,Taltal,CL,2019-11-09 02:17:38,-25.41,-70.49,53.74,88,44,0.67
304,Vrangel,RU,2019-11-09 02:17:38,42.73,133.08,35.2,43,0,18.43
305,Yulara,AU,2019-11-09 02:17:38,-25.24,130.99,77.0,23,0,16.11
306,Funadhoo,MV,2019-11-09 02:17:38,6.15,73.27,81.57,78,13,10.16
307,Jinka,ET,2019-11-09 02:17:39,5.79,36.57,62.64,93,95,3.53
308,Okhotsk,RU,2019-11-09 02:17:39,59.36,143.24,16.92,75,96,22.06
309,Betamcherla,IN,2019-11-09 02:17:39,15.47,78.17,78.96,68,0,3.29
310,Xuddur,SO,2019-11-09 02:17:39,4.12,43.89,71.56,92,0,7.16
311,Taoudenni,ML,2019-11-09 02:17:39,22.68,-3.98,69.04,25,100,4.85
312,Mahebourg,MU,2019-11-09 02:17:39,-20.41,57.7,69.01,88,40,4.7
313,Lodeynoye Pole,RU,2019-11-09 02:17:40,60.73,33.55,32.38,97,100,4.94
314,Sitka,US,2019-11-09 02:17:40,37.17,-99.65,46.56,68,0,7.61
315,Jardim,BR,2019-11-09 02:17:40,-21.48,-56.15,74.84,76,100,2.8
316,Walvis Bay,NA,2019-11-09 02:17:40,-22.95,14.51,55.4,93,0,9.17
317,Artyom,RU,2019-11-09 02:17:41,43.36,132.19,33.8,29,65,15.66
318,Channel-Port Aux Basques,CA,2019-11-09 02:17:41,47.57,-59.14,33.96,72,99,19.69
319,Mbaiki,CF,2019-11-09 02:17:41,3.87,17.99,70.05,91,28,2.01
320,Puerto Guzman,BO,2019-11-09 02:17:41,-14.32,-67.54,71.53,98,73,1.39
321,Ketchikan,US,2019-11-09 02:15:16,55.34,-131.65,51.8,93,90,23.04
322,Ternate,PH,2019-11-09 02:17:42,14.29,120.72,89.01,70,40,4.7
323,Kuldur,RU,2019-11-09 02:17:42,49.22,131.63,19.2,50,0,11.81
324,Talnakh,RU,2019-11-09 02:17:42,69.49,88.39,-16.61,75,40,8.95
325,Bombay,US,2019-11-09 02:17:42,44.94,-74.57,21.99,85,1,8.05
326,Konstantinovka,UA,2019-11-09 02:17:42,46.85,29.85,57.81,84,61,8.16
327,Jamestown,AU,2019-11-09 02:17:42,-33.21,138.6,64.98,28,0,13.38
328,Beloha,MG,2019-11-09 02:17:43,-25.17,45.06,69.44,88,15,1.57
329,Caraballeda,VE,2019-11-09 02:17:43,10.61,-66.85,77.0,88,20,3.71
330,Nouadhibou,MR,2019-11-09 02:17:43,20.93,-17.03,69.8,73,100,18.34
331,Pitimbu,BR,2019-11-09 02:17:43,-7.47,-34.81,78.8,78,40,9.17
332,Meadow Lake,CA,2019-11-09 02:17:43,54.13,-108.44,20.23,93,100,6.6
333,Mountain Home,US,2019-11-09 02:14:39,43.13,-115.69,46.4,45,1,3.36
334,Dubrovka,RU,2019-11-09 02:17:44,59.85,30.93,33.01,95,90,4.47
335,Tuni,BO,2019-11-09 02:17:44,-16.67,-68.14,46.4,75,75,10.29
336,Pachmarhi,IN,2019-11-09 02:17:44,22.47,78.44,69.44,73,0,2.93
337,Hailin,CN,2019-11-09 02:17:44,44.57,129.38,34.18,28,0,6.22
338,Rio Grande,BR,2019-11-09 02:13:08,-32.03,-52.1,69.01,88,21,1.01
339,Isla Vista,US,2019-11-09 02:17:44,34.41,-119.86,69.01,82,1,3.36
340,Orotukan,RU,2019-11-09 02:17:45,62.26,151.67,9.95,94,100,5.32
341,Yanaul,RU,2019-11-09 02:17:45,56.27,54.93,25.11,65,5,9.89
342,Orbetello,IT,2019-11-09 02:17:45,42.44,11.21,46.99,89,1,9.89
343,Berlevag,NO,2019-11-09 02:17:45,70.86,29.09,27.18,77,56,7.58
344,Westport,US,2019-11-09 02:17:45,41.14,-73.36,34.0,50,1,9.17
345,Abu Dhabi,AE,2019-11-09 02:15:10,24.47,54.37,75.2,78,93,2.24
346,Poya,NC,2019-11-09 02:17:46,-21.35,165.16,72.99,70,0,6.42
347,Pingliang,CN,2019-11-09 02:17:46,35.54,106.68,42.42,89,100,5.55
348,Te Anau,NZ,2019-11-09 02:17:46,-45.41,167.72,51.8,100,100,5.01
349,Rudnyy,KZ,2019-11-09 02:17:46,52.96,63.12,26.6,92,90,11.18
350,Parrita,CR,2019-11-09 02:17:47,9.52,-84.33,73.4,73,100,4.7
351,Ancud,CL,2019-11-09 02:17:47,-41.87,-73.83,46.4,87,35,6.93
352,Valparaiso,US,2019-11-09 02:17:47,41.47,-87.06,28.99,63,1,4.7
353,Esperance,AU,2019-11-09 02:17:47,-33.86,121.89,71.6,40,0,14.99
354,Hasaki,JP,2019-11-09 02:17:47,35.73,140.83,61.0,63,40,8.05
355,Dalhousie,CA,2019-11-09 02:17:47,48.06,-66.37,24.8,62,1,9.17
356,Berestechko,UA,2019-11-09 02:17:48,50.36,25.12,51.01,10,100,1.99
357,Marquard,ZA,2019-11-09 02:17:48,-28.66,27.43,54.25,78,0,15.46
358,Acapulco,MX,2019-11-09 02:17:48,16.86,-99.88,82.4,83,5,4.7
359,Xifeng,CN,2019-11-09 02:17:48,42.73,124.72,47.08,41,0,5.91
360,Zhengjiatun,CN,2019-11-09 02:17:48,43.51,123.51,46.17,43,0,8.95
361,Grindavik,IS,2019-11-09 02:17:48,63.84,-22.43,41.0,93,90,40.26
362,Maniitsoq,GL,2019-11-09 02:17:49,65.42,-52.9,37.04,49,94,17.29
363,Rakiv Lis,UA,2019-11-09 02:17:49,51.62,24.92,51.01,94,100,10.36
364,Tromso,NO,2019-11-09 02:17:49,69.65,18.96,12.2,92,0,12.75
365,Moyale,ET,2019-11-09 02:17:50,3.52,39.05,68.05,89,10,2.44
366,Vetlanda,SE,2019-11-09 02:17:50,57.43,15.09,39.2,100,100,3.36
367,Constitucion,MX,2019-11-09 02:17:50,23.99,-104.67,64.4,68,75,4.7
368,Lake City,US,2019-11-09 02:17:50,38.03,-107.32,41.0,44,1,0.22
369,Yar-Sale,RU,2019-11-09 02:17:50,66.83,70.83,-3.72,99,70,7.74
370,Kijang,KR,2019-11-09 02:17:51,35.24,129.21,55.4,35,0,6.93
371,Marsa Matruh,EG,2019-11-09 02:17:51,31.35,27.25,60.8,93,0,7.27
372,Guerrero Negro,MX,2019-11-09 02:17:51,27.97,-114.04,69.49,64,0,11.01
373,Tulsipur,IN,2019-11-09 02:17:51,27.53,82.41,74.68,62,0,5.91
374,Mount Darwin,ZW,2019-11-09 02:17:52,-16.77,31.58,67.28,62,0,3.58
375,Luoyang,CN,2019-11-09 02:17:52,34.66,112.42,62.76,43,100,3.13
376,Bagdarin,RU,2019-11-09 02:17:52,54.44,113.59,22.89,75,36,1.99
377,Gornopravdinsk,RU,2019-11-09 02:17:52,60.06,69.92,6.53,91,0,3.53
378,Rincon,PA,2019-11-09 02:17:52,8.46,-82.28,80.6,88,40,2.24
379,Susangerd,IR,2019-11-09 02:17:53,31.56,48.19,59.0,82,0,4.36
380,Gushikawa,JP,2019-11-09 02:17:53,26.35,127.87,75.2,47,20,16.11
381,Hope,US,2019-11-09 02:17:54,33.67,-93.59,39.0,74,1,3.71
382,Antalaha,MG,2019-11-09 02:17:54,-14.9,50.28,76.96,81,98,4.63
383,Nanacamilpa,MX,2019-11-09 02:17:54,19.48,-98.55,64.4,67,20,13.87
384,Avera,US,2019-11-09 02:17:54,33.19,-82.53,53.6,46,1,10.29
385,Millville,US,2019-11-09 02:17:54,39.4,-75.04,36.0,50,1,4.7
386,Souillac,FR,2019-11-09 02:17:55,45.6,-0.6,39.2,100,70,2.24
387,Yatou,CM,2019-11-09 02:17:55,3.63,9.81,78.8,100,40,1.12
388,Roros,NO,2019-11-09 02:17:55,62.57,11.38,14.0,92,88,2.24
389,San Jose,HN,2019-11-09 02:13:05,14.25,-87.96,73.4,88,75,12.75
390,Pradopolis,BR,2019-11-09 02:17:55,-21.36,-48.07,75.2,78,100,8.05
391,Turan,RU,2019-11-09 02:17:55,52.15,93.92,32.29,73,100,3.06
392,Kurchum,KZ,2019-11-09 02:17:56,48.57,83.65,37.72,54,100,13.8
393,Nanortalik,GL,2019-11-09 02:17:56,60.14,-45.24,36.36,74,16,12.15
394,Veraval,FR,2019-11-09 02:17:56,49.65,0.71,46.4,100,75,4.7
395,Carahue,CL,2019-11-09 02:17:56,-38.71,-73.16,51.8,87,37,3.36
396,Tsaratanana,MG,2019-11-09 02:17:57,-16.8,47.65,69.3,76,65,7.34
397,Tomino,RU,2019-11-09 02:17:57,54.95,61.17,19.4,85,40,8.95
398,San Policarpo,PH,2019-11-09 02:17:57,12.18,125.51,86.68,64,0,3.65
399,Okha,RU,2019-11-09 02:17:57,53.59,142.95,27.68,90,100,26.4
400,Ust-Maya,RU,2019-11-09 02:17:57,60.42,134.54,-9.51,87,26,0.87
401,Fairlie,US,2019-11-09 02:17:57,33.31,-95.96,46.99,81,1,3.09
402,Itarema,BR,2019-11-09 02:17:58,-2.92,-39.92,77.81,81,6,8.68
403,Tessalit,ML,2019-11-09 02:17:58,20.2,1.01,74.12,22,1,7.52
404,Chapais,CA,2019-11-09 02:17:58,49.78,-74.86,12.2,85,90,5.82
405,Inhambane,MZ,2019-11-09 02:17:58,-23.87,35.38,75.34,85,100,18.34
406,Wanning,AT,2019-11-09 02:17:58,48.64,13.53,44.6,75,75,11.41
407,Gorom-Gorom,BF,2019-11-09 02:17:58,14.45,-0.24,82.42,19,0,6.13
408,Petropavlovsk-Kamchatskiy,RU,2019-11-09 02:17:59,53.05,158.65,37.4,59,40,2.24
409,Lavrentiya,RU,2019-11-09 02:17:59,65.58,-170.99,30.9,97,100,14.47
410,Manggar,ID,2019-11-09 02:17:59,-2.88,108.27,84.54,67,100,7.25
411,Haysville,US,2019-11-09 02:17:59,37.56,-97.35,39.2,55,1,9.17
412,Ornskoldsvik,SE,2019-11-09 02:18:00,63.29,18.72,26.6,92,99,11.41
413,Faya,SA,2019-11-09 02:18:00,18.39,42.45,59.0,71,0,1.28
414,Lake Shore,US,2019-11-09 02:18:00,46.49,-94.36,30.99,68,90,5.82
415,Padang,ID,2019-11-09 02:18:00,-0.92,100.36,79.66,66,100,3.58
416,Tura,RU,2019-11-09 02:14:05,64.27,100.22,-1.07,96,71,3.58
417,Linkou,CN,2019-11-09 02:18:00,45.29,130.27,30.83,28,0,10.29
418,Noumea,NC,2019-11-09 02:13:40,-22.28,166.46,80.6,51,75,10.29
419,Atar,MR,2019-11-09 02:18:01,20.52,-13.05,71.64,25,100,7.4
420,Wynyard,AU,2019-11-09 02:18:01,-40.99,145.73,52.0,91,100,7.0
421,Norman Wells,CA,2019-11-09 02:18:01,65.28,-126.83,10.4,72,90,6.93
422,Saint-Augustin,CA,2019-11-09 02:18:01,45.63,-73.98,28.0,73,5,4.7
423,Lyngseidet,NO,2019-11-09 02:18:02,69.58,20.21,12.2,92,0,12.75
424,Abengourou,CI,2019-11-09 02:18:02,6.73,-3.5,71.51,98,10,1.43
425,Cayenne,GF,2019-11-09 02:18:03,4.94,-52.33,75.2,94,40,5.97
426,Moses Lake,US,2019-11-09 02:18:03,47.13,-119.28,42.8,73,1,3.36
427,Joinville,BR,2019-11-09 02:18:03,-26.3,-48.85,73.4,88,40,4.7
428,Kropotkin,RU,2019-11-09 02:18:03,45.43,40.58,54.07,61,5,7.67
429,Kaitangata,NZ,2019-11-09 02:18:04,-46.28,169.85,64.2,53,50,17.87
430,Katobu,ID,2019-11-09 02:18:04,-4.94,122.53,93.7,44,34,2.51
431,Tricase,IT,2019-11-09 02:18:04,39.93,18.36,66.0,93,20,5.82
432,Kandrian,PG,2019-11-09 02:18:04,-6.21,149.55,82.31,87,100,4.76
433,Luanda,AO,2019-11-09 02:18:04,-8.83,13.24,78.8,88,75,5.82
434,Leh,IN,2019-11-09 02:18:05,34.16,77.58,15.55,55,9,3.04
435,Caxito,BR,2019-11-09 02:18:06,-22.65,-42.51,67.44,98,100,1.52
436,Kuytun,RU,2019-11-09 02:18:06,54.34,101.51,34.45,78,100,4.76
437,Caucaia,BR,2019-11-09 02:18:06,-3.73,-38.66,80.6,74,20,11.41
438,Leshukonskoye,RU,2019-11-09 02:18:06,64.9,45.76,13.06,94,99,4.38
439,Warman,CA,2019-11-09 02:18:07,52.32,-106.58,35.01,93,90,5.82
440,Sakete,BJ,2019-11-09 02:18:07,6.74,2.66,80.6,94,20,6.93
441,Pisco,PE,2019-11-09 02:18:07,-13.71,-76.2,64.99,82,75,17.22
442,Kingaroy,AU,2019-11-09 02:18:07,-26.54,151.84,82.0,15,40,17.22
443,Ust-Ishim,RU,2019-11-09 02:18:07,57.69,71.17,13.98,82,0,3.67
444,Aksu,KZ,2019-11-09 02:18:07,52.04,76.93,30.2,86,75,11.18
445,Umm Kaddadah,SD,2019-11-09 02:18:08,13.6,26.69,73.72,20,0,11.16
446,Bahia Honda,CU,2019-11-09 02:18:08,22.9,-83.16,77.65,85,67,6.11
447,Hambantota,LK,2019-11-09 02:18:08,6.12,81.12,77.0,100,40,3.36
448,Baker City,US,2019-11-09 02:18:08,44.77,-117.83,55.4,52,1,3.36
449,Ulaangom,MN,2019-11-09 02:18:08,49.98,92.07,34.07,76,100,1.68
450,Pangani,KE,2019-11-09 02:18:09,-2.37,40.57,77.0,94,1,3.27
451,Lopez Mateos,MX,2019-11-09 02:18:09,15.47,-93.01,76.51,74,58,3.18
452,Kulykivka,UA,2019-11-09 02:18:09,51.37,31.65,45.41,89,65,16.73
453,San Andres,PH,2019-11-09 02:18:09,13.32,122.68,85.32,69,8,9.6
454,San Cristobal,HN,2019-11-09 02:18:10,14.68,-86.92,65.3,97,70,3.22
455,Cap Malheureux,MU,2019-11-09 02:18:10,-19.98,57.61,69.01,88,40,4.7
456,Ugoofaaru,MV,2019-11-09 02:18:10,5.67,73.0,82.06,77,31,8.99
457,Ukiah,US,2019-11-09 02:18:10,39.15,-123.21,64.4,36,1,2.55
458,Acolla,PE,2019-11-09 02:18:10,-11.73,-75.55,42.24,89,97,1.16
459,Shahr-E Kord,IR,2019-11-09 02:18:11,32.33,50.85,30.2,86,20,4.7
460,Ballina,IE,2019-11-09 02:18:11,54.11,-9.15,43.0,93,100,8.01
461,Baykit,RU,2019-11-09 02:18:11,61.68,96.39,9.28,90,25,6.8
462,Kisangani,CD,2019-11-09 02:18:11,0.52,25.21,70.48,99,100,1.77
463,Kruisfontein,ZA,2019-11-09 02:18:11,-34.0,24.73,50.52,89,36,5.66
464,Laibin,CN,2019-11-09 02:18:11,23.74,109.23,71.01,45,69,5.73
465,Temiscaming,CA,2019-11-09 02:18:12,46.72,-79.1,21.0,92,90,10.29
466,Anloga,GH,2019-11-09 02:18:12,5.79,0.9,80.6,88,20,6.93
467,Huzhou,CN,2019-11-09 02:18:12,30.86,120.1,80.01,52,0,5.46
468,Hamilton,CA,2019-11-09 02:14:01,43.26,-79.87,30.0,68,40,5.82
469,Dubki,RU,2019-11-09 02:18:12,43.02,46.84,51.8,93,75,6.71
470,Sorsk,RU,2019-11-09 02:18:13,54.0,90.25,32.4,66,100,18.43
471,Paciran,ID,2019-11-09 02:18:13,-6.9,112.33,95.81,42,3,2.42
472,Cherskiy,RU,2019-11-09 02:18:13,68.75,161.3,10.63,83,100,5.73
473,Bilibino,RU,2019-11-09 02:18:13,68.06,166.44,2.79,74,0,3.04
474,Wilmington,US,2019-11-09 02:17:13,39.75,-75.55,33.01,54,37,6.93
475,Araouane,ML,2019-11-09 02:18:13,18.9,-3.53,79.52,15,34,8.12
476,Klyuchi,RU,2019-11-09 02:18:14,52.25,79.17,31.48,75,100,10.27
477,Chara,GR,2019-11-09 02:18:14,39.42,22.43,50.0,100,20,3.89
478,Cuamba,MZ,2019-11-09 02:18:14,-14.8,36.54,71.26,82,8,3.06
479,Huarmey,PE,2019-11-09 02:18:14,-10.07,-78.15,63.88,76,91,0.54
480,Las Vegas,US,2019-11-09 02:15:31,36.17,-115.15,75.2,11,1,3.02
481,Diego De Almagro,CL,2019-11-09 02:18:15,-26.39,-70.05,55.71,48,0,0.67
482,Bikaner,IN,2019-11-09 02:18:15,28.02,73.32,67.57,47,24,9.64
483,Richards Bay,ZA,2019-11-09 02:18:15,-28.77,32.06,69.66,71,98,13.51
484,Fairbanks,US,2019-11-09 02:15:36,64.84,-147.72,16.0,72,1,8.05
485,Atambua,ID,2019-11-09 02:18:15,-9.11,124.89,84.87,57,33,6.33
486,Faanui,PF,2019-11-09 02:18:15,-16.48,-151.75,81.28,77,100,18.59
487,Kudus,ID,2019-11-09 02:18:16,-6.82,110.84,90.0,64,41,6.71
488,Gwadar,PK,2019-11-09 02:18:16,25.12,62.33,79.27,38,0,11.72
489,Ellensburg,US,2019-11-09 02:18:16,47.0,-120.55,46.4,74,1,6.93
490,Nadym,RU,2019-11-09 02:18:16,65.53,72.51,-2.46,91,12,11.54
491,Conde,BR,2019-11-09 02:18:17,-11.81,-37.61,78.78,78,4,15.73
492,Tiznit,MA,2019-11-09 02:18:17,29.7,-9.73,54.09,47,0,2.3
493,Najran,SA,2019-11-09 02:18:17,17.54,44.22,60.8,41,0,0.49
494,Kanye,BW,2019-11-09 02:18:17,-24.98,25.34,70.05,60,100,11.01
495,Conakry,GN,2019-11-09 02:18:17,9.52,-13.7,80.6,83,75,9.17
496,Banchory,GB,2019-11-09 02:18:18,57.05,-2.5,28.0,100,97,3.36
497,Tumut,AU,2019-11-09 02:18:18,-35.3,148.22,51.89,49,33,12.03
498,Boa Vista,BR,2019-11-09 02:18:18,2.82,-60.67,84.2,70,75,3.36
499,Kangaatsiaq,GL,2019-11-09 02:18:18,68.31,-53.46,35.69,60,94,14.92
500,Cotonou,BJ,2019-11-09 02:17:48,6.37,2.43,80.6,94,20,6.93
501,Sheregesh,RU,2019-11-09 02:18:19,52.93,87.98,30.7,96,100,15.7
502,Tuy Hoa,VN,2019-11-09 02:18:19,13.08,109.3,78.01,74,100,27.45
503,Vila Do Maio,CV,2019-11-09 02:18:19,15.13,-23.22,75.2,69,40,16.11
504,Saint Anthony,US,2019-11-09 02:18:19,43.97,-111.68,41.0,59,1,4.65
505,Jacareacanga,BR,2019-11-09 02:18:19,-6.22,-57.76,74.5,87,100,1.61
506,Neuquen,AR,2019-11-09 02:18:20,-38.95,-68.06,64.4,25,54,8.05
507,Aripuana,BR,2019-11-09 02:18:20,-9.17,-60.63,72.45,97,94,2.42
508,Boz,FR,2019-11-09 02:18:20,46.41,4.91,42.01,100,90,1.77
509,Ca Mau,VN,2019-11-09 02:18:20,9.18,105.15,84.49,67,100,5.46
510,Varhaug,NO,2019-11-09 02:18:20,58.61,5.65,36.0,85,55,7.85
511,Rio Gallegos,AR,2019-11-09 02:18:21,-51.62,-69.22,41.0,48,40,19.46
512,Muscat,OM,2019-11-09 02:18:21,23.6,58.55,73.4,64,20,2.24
513,Buzmeyin,TM,2019-11-09 02:18:21,38.05,58.21,41.0,60,0,4.7
514,Lewistown,US,2019-11-09 02:18:21,40.39,-90.15,30.0,63,1,6.93
515,Mayor Pablo Lagerenza,PY,2019-11-09 02:18:21,-19.93,-60.77,80.69,55,0,5.73
516,Kudahuvadhoo,MV,2019-11-09 02:18:22,2.67,72.89,81.93,77,77,8.63
517,Diamantino,BR,2019-11-09 02:18:22,-14.4,-56.44,73.02,89,59,0.89
518,Lasa,CY,2019-11-09 02:18:22,34.92,32.53,66.2,48,0,10.29
519,Vuktyl,RU,2019-11-09 02:18:22,63.86,57.31,6.96,95,100,4.92
520,Selenduma,RU,2019-11-09 02:18:22,50.92,106.24,35.15,65,4,0.74
521,Mithi,PK,2019-11-09 02:18:23,24.74,69.8,73.72,31,0,16.22
522,Banda Aceh,ID,2019-11-09 02:18:23,5.56,95.32,83.5,66,91,1.88
523,Aleksandrovsk-Sakhalinskiy,RU,2019-11-09 02:18:23,50.9,142.16,26.53,64,100,21.97
524,Flinders,AU,2019-11-09 02:18:23,-34.58,150.85,68.0,20,40,16.11
525,Buloh Kasap,MY,2019-11-09 02:18:23,2.55,102.76,82.4,78,75,3.44
526,Alice Springs,AU,2019-11-09 02:18:24,-23.7,133.88,77.0,19,0,14.99
527,Koygorodok,RU,2019-11-09 02:18:24,60.44,51.01,5.32,91,99,2.8
528,Camacha,PT,2019-11-09 02:18:24,33.08,-16.33,66.2,63,75,14.99
529,Biabou,VC,2019-11-09 02:18:24,13.2,-61.13,82.4,83,20,12.75
530,Were Ilu,ET,2019-11-09 02:18:24,10.6,39.43,48.22,64,47,6.4
531,Punta Alta,AR,2019-11-09 02:18:25,-27.46,-55.82,80.6,83,0,4.7
532,Kirakira,SB,2019-11-09 02:18:25,-10.46,161.92,80.91,81,71,6.11
533,Zaraza,VE,2019-11-09 02:18:25,9.35,-65.33,73.26,96,1,4.72
534,Nanfeng,CN,2019-11-09 02:18:25,27.22,116.52,68.45,46,13,4.79
535,Bintulu,MY,2019-11-09 02:18:25,3.17,113.03,82.4,83,75,3.36
536,Micomeseng,GQ,2019-11-09 02:18:25,2.15,10.62,69.78,99,74,0.85
537,Robinson,US,2019-11-09 02:18:26,39.01,-87.74,26.6,73,1,2.04
538,Thinadhoo,MV,2019-11-09 02:18:26,0.53,72.93,81.73,74,95,6.58
539,Ippy,CF,2019-11-09 02:18:26,6.26,21.2,70.61,66,100,4.27
540,Marsh Harbour,BS,2019-11-09 02:18:27,26.54,-77.06,78.82,74,59,7.05
541,Ambon,FR,2019-11-09 02:18:27,47.55,-2.56,44.01,93,33,4.7
542,Corbelia,BR,2019-11-09 02:18:27,-24.8,-53.31,67.37,91,4,6.04
543,Zinder,NE,2019-11-09 02:18:27,13.81,8.99,77.31,15,0,6.6
544,Pag,HR,2019-11-09 02:18:28,44.45,15.06,59.0,87,75,8.05
545,Akbarpur,IN,2019-11-09 02:18:28,26.42,82.54,76.26,57,0,2.28
546,Yamada,JP,2019-11-09 02:18:28,36.58,137.08,66.99,44,20,2.24
547,Monrovia,LR,2019-11-09 02:18:28,6.33,-10.8,78.08,86,89,0.63
548,Rocha,UY,2019-11-09 02:18:28,-34.48,-54.34,54.36,97,88,5.5
549,Bermejo,AR,2019-11-09 02:18:28,-22.73,-64.34,68.0,96,80,1.9
550,Lannion,FR,2019-11-09 02:18:29,48.73,-3.46,46.0,93,75,5.82
